ProductID;Image;Name;Reference;Category;Base price;Final price;Quantity;Status;Position
0;https://localhost/img/products/productImage0.jpg;Crash Course on Python;Python;429;527.67;10000;0;
1;https://localhost/img/products/productImage1.jpg;Programming for Everybody (Getting Started with Python);Python;480;590.4;10000;0;
2;https://localhost/img/products/productImage2.jpg;Python for Data Science, AI & Development;Python;425;522.75;10000;0;
3;https://localhost/img/products/productImage3.jpg;Python Basics;Python;128;157.44;10000;0;
4;https://localhost/img/products/productImage4.jpg;Основы программирования на Python;Python;35;43.05;10000;0;
5;https://localhost/img/products/productImage5.jpg;Python and Statistics for Financial Analysis;Python;95;116.85;10000;0;
6;https://localhost/img/products/productImage6.jpg;Python Programming: A Concise Introduction;Python;43;52.89;10000;0;
7;https://localhost/img/products/productImage7.jpg;Introduction to Python Programming;Python;427;525.21;10000;0;
8;https://localhost/img/products/productImage8.jpg;Introducción a la programación en Python I: Aprendiendo a programar con Python;Python;436;536.28;10000;0;
9;https://localhost/img/products/productImage9.jpg;Python Classes and Inheritance;Python;459;564.57;10000;0;
10;https://localhost/img/products/productImage10.jpg;Introduction to Data Science in Python;Python;275;338.25;10000;0;
11;https://localhost/img/products/productImage11.jpg;Learn to Program: The Fundamentals;Python;61;75.03;10000;0;
12;https://localhost/img/products/productImage12.jpg;用Python玩转数据 Data Processing Using Python;Python;39;47.97;10000;0;
13;https://localhost/img/products/productImage13.jpg;Advanced Algorithms and Complexity;Python;390;479.7;10000;0;
14;https://localhost/img/products/productImage14.jpg;Introdução à Ciência da Computação com Python Parte 1;Python;262;322.26;10000;0;
15;https://localhost/img/products/productImage15.jpg;Computational Thinking for Problem Solving;Python;41;50.43;10000;0;
16;https://localhost/img/products/productImage16.jpg;Databases and SQL for Data Science with Python;Python;66;81.18;10000;0;
17;https://localhost/img/products/productImage17.jpg;Python Data Structures;Python;321;394.83;10000;0;
18;https://localhost/img/products/productImage18.jpg;Python Project for Data Science;Python;27;33.21;10000;0;
19;https://localhost/img/products/productImage19.jpg;Data Analysis with Python;Python;24;29.52;10000;0;
20;https://localhost/img/products/productImage20.jpg;Using Python to Interact with the Operating System;Python;282;346.86;10000;0;
21;https://localhost/img/products/productImage21.jpg;Using Python to Access Web Data;Python;331;407.13;10000;0;
22;https://localhost/img/products/productImage22.jpg;Data Visualization with Python;Python;411;505.53;10000;0;
23;https://localhost/img/products/productImage23.jpg;Математика и Python для анализа данных;Python;186;228.78;10000;0;
24;https://localhost/img/products/productImage24.jpg;Introduction to Portfolio Construction and Analysis with Python;Python;64;78.72;10000;0;
25;https://localhost/img/products/productImage25.jpg;Using Databases with Python;Python;228;280.44;10000;0;
26;https://localhost/img/products/productImage26.jpg;Погружение в Python;Python;248;305.04;10000;0;
27;https://localhost/img/products/productImage27.jpg;Understanding and Visualizing Data with Python;Python;233;286.59000000000003;10000;0;
28;https://localhost/img/products/productImage28.jpg;Python Project for Data Engineering;Python;150;184.5;10000;0;
29;https://localhost/img/products/productImage29.jpg;Problem Solving, Python Programming, and Video Games;Python;11;13.530000000000001;10000;0;
30;https://localhost/img/products/productImage30.jpg;Applied Plotting, Charting & Data Representation in Python;Python;439;539.97;10000;0;
31;https://localhost/img/products/productImage31.jpg;Capstone: Retrieving, Processing, and Visualizing Data with Python;Python;93;114.39;10000;0;
32;https://localhost/img/products/productImage32.jpg;用 Python 做商管程式設計（一）(Programming for Business Computing in Python (1));Python;301;370.23;10000;0;
33;https://localhost/img/products/productImage33.jpg;Python for Genomic Data Science;Python;152;186.96;10000;0;
34;https://localhost/img/products/productImage34.jpg;Applied Machine Learning in Python;Python;476;585.48;10000;0;
35;https://localhost/img/products/productImage35.jpg;Python Functions, Files, and Dictionaries;Python;343;421.89;10000;0;
36;https://localhost/img/products/productImage36.jpg;Data Analysis Using Python;Python;226;277.98;10000;0;
37;https://localhost/img/products/productImage37.jpg;Foundations of Data Science: K-Means Clustering in Python;Python;400;492.0;10000;0;
38;https://localhost/img/products/productImage38.jpg;Inferential Statistical Analysis with Python;Python;293;360.39;10000;0;
39;https://localhost/img/products/productImage39.jpg;Python Programming Essentials;Python;213;261.99;10000;0;
40;https://localhost/img/products/productImage40.jpg;Advanced Portfolio Construction and Analysis with Python;Python;285;350.55;10000;0;
41;https://localhost/img/products/productImage41.jpg;Data Collection and Processing with Python;Python;361;444.03;10000;0;
42;https://localhost/img/products/productImage42.jpg;ООП и паттерны проектирования в Python;Python;447;549.81;10000;0;
43;https://localhost/img/products/productImage43.jpg;Python Project for AI & Application Development;Python;361;444.03;10000;0;
44;https://localhost/img/products/productImage44.jpg;Automating Real-World Tasks with Python;Python;113;138.99;10000;0;
45;https://localhost/img/products/productImage45.jpg;Python Project: pillow, tesseract, and opencv;Python;116;142.68;10000;0;
46;https://localhost/img/products/productImage46.jpg;An Introduction to Interactive Programming in Python (Part 1);Python;226;277.98;10000;0;
47;https://localhost/img/products/productImage47.jpg;Accounting Data Analytics with Python;Python;228;280.44;10000;0;
48;https://localhost/img/products/productImage48.jpg;Design Computing: 3D Modeling in Rhinoceros with Python/Rhinoscript;Python;297;365.31;10000;0;
49;https://localhost/img/products/productImage49.jpg;Python для анализа данных;Python;13;15.99;10000;0;
50;https://localhost/img/products/productImage50.jpg;Python and Machine Learning for Asset Management;Python;220;270.6;10000;0;
51;https://localhost/img/products/productImage51.jpg;Python Data Representations;Python;40;49.2;10000;0;
52;https://localhost/img/products/productImage52.jpg;Создание Web-сервисов на Python;Python;173;212.79;10000;0;
53;https://localhost/img/products/productImage53.jpg;Introduction to Python Scripting for DevOps;Python;462;568.26;10000;0;
54;https://localhost/img/products/productImage54.jpg;Introducción a la programación con Python;Python;237;291.51;10000;0;
55;https://localhost/img/products/productImage55.jpg;Python как иностранный;Python;129;158.67000000000002;10000;0;
56;https://localhost/img/products/productImage56.jpg;Анализ данных с использованием Python;Python;141;173.43;10000;0;
57;https://localhost/img/products/productImage57.jpg;Data Processing Using Python;Python;56;68.88;10000;0;
58;https://localhost/img/products/productImage58.jpg;Основы автоматизации при помощи языка Python;Python;312;383.76;10000;0;
59;https://localhost/img/products/productImage59.jpg;Improve Your Python Code Using Amazon CodeGuru;Python;81;99.63;10000;0;
60;https://localhost/img/products/productImage60.jpg;Análisis de datos con Python;Python;76;93.48;10000;0;
61;https://localhost/img/products/productImage61.jpg;Python Scripting: Dates, Classes and Collections;Python;169;207.87;10000;0;
62;https://localhost/img/products/productImage62.jpg;Python Scripting: Files, Inheritance, and Databases;Python;119;146.37;10000;0;
63;https://localhost/img/products/productImage63.jpg;Global Warming II: Create Your Own Models in Python;Python;496;610.08;10000;0;
64;https://localhost/img/products/productImage64.jpg;Python para Data Science y AI;Python;189;232.47;10000;0;
65;https://localhost/img/products/productImage65.jpg;Python Basics: Selection and Iteration;Python;59;72.57;10000;0;
66;https://localhost/img/products/productImage66.jpg;Python Object Basics: Functions, Recursion, and Objects;Python;298;366.54;10000;0;
67;https://localhost/img/products/productImage67.jpg;Python Data Analysis;Python;154;189.42000000000002;10000;0;
68;https://localhost/img/products/productImage68.jpg;Python Basic Structures: Lists, Strings, and Files;Python;248;305.04;10000;0;
69;https://localhost/img/products/productImage69.jpg;An Introduction to Interactive Programming in Python (Part 2);Python;116;142.68;10000;0;
70;https://localhost/img/products/productImage70.jpg;Object-Oriented Python: Inheritance and Encapsulation;Python;282;346.86;10000;0;
71;https://localhost/img/products/productImage71.jpg;Data Analysis in Python with pandas & matplotlib in Spyder;Python;42;51.66;10000;0;
72;https://localhost/img/products/productImage72.jpg;Estructuras de datos en Python;Python;454;558.42;10000;0;
73;https://localhost/img/products/productImage73.jpg;Programación Orientada a Objetos con Python;Python;217;266.91;10000;0;
74;https://localhost/img/products/productImage74.jpg;Manejo de bases de datos con Python;Python;347;426.81;10000;0;
75;https://localhost/img/products/productImage75.jpg;Introduction to Data Science and scikit-learn in Python;Python;355;436.65;10000;0;
76;https://localhost/img/products/productImage76.jpg;The Raspberry Pi Platform and Python Programming for the Raspberry Pi;Python;132;162.36;10000;0;
77;https://localhost/img/products/productImage77.jpg;用 Python 做商管程式設計（二）(Programming for Business Computing in Python (2));Python;267;328.41;10000;0;
78;https://localhost/img/products/productImage78.jpg;Using SAS Viya REST APIs with Python and R;Python;265;325.95;10000;0;
79;https://localhost/img/products/productImage79.jpg;用 Python 做商管程式設計（三）(Programming for Business Computing in Python (3));Python;299;367.77;10000;0;
80;https://localhost/img/products/productImage80.jpg;Python: обработка и анализ данных и ИИ;Python;109;134.07;10000;0;
81;https://localhost/img/products/productImage81.jpg;Juniper Networks Automation Using Python and PyEZ;Python;228;280.44;10000;0;
82;https://localhost/img/products/productImage82.jpg;Машинное обучение с использованием Python;Python;315;387.45;10000;0;
83;https://localhost/img/products/productImage83.jpg;Practical Python for AI Coding 2;Python;368;452.64;10000;0;
84;https://localhost/img/products/productImage84.jpg;Работа с базами данных в Python;Python;343;421.89;10000;0;
85;https://localhost/img/products/productImage85.jpg;Hypothesis Testing with Python and Excel;Python;477;586.71;10000;0;
86;https://localhost/img/products/productImage86.jpg;Визуализация данных с помощью Python;Python;350;430.5;10000;0;
87;https://localhost/img/products/productImage87.jpg;Visualização de dados com o Python;Python;233;286.59000000000003;10000;0;
88;https://localhost/img/products/productImage88.jpg;Структуры данных Python;Python;440;541.2;10000;0;
89;https://localhost/img/products/productImage89.jpg;Defensive Python;Python;265;325.95;10000;0;
90;https://localhost/img/products/productImage90.jpg;Python بُنى بيانات;Python;193;237.39;10000;0;
91;https://localhost/img/products/productImage91.jpg;Machine Learning with Python;Python;87;107.01;10000;0;
92;https://localhost/img/products/productImage92.jpg;Building Modern Python Applications on AWS;Python;169;207.87;10000;0;
93;https://localhost/img/products/productImage93.jpg;Computers, Waves, Simulations: A Practical Introduction to Numerical Methods using Python;Python;489;601.47;10000;0;
94;https://localhost/img/products/productImage94.jpg;Programación en Python;Python;89;109.47;10000;0;
95;https://localhost/img/products/productImage95.jpg;Statistics for Data Science with Python;Python;84;103.32;10000;0;
96;https://localhost/img/products/productImage96.jpg;Introdução à Ciência da Computação com Python Parte 2;Python;130;159.9;10000;0;
97;https://localhost/img/products/productImage97.jpg;Applied Text Mining in Python;Python;251;308.73;10000;0;
98;https://localhost/img/products/productImage98.jpg;Fitting Statistical Models to Data with Python;Python;249;306.27;10000;0;
99;https://localhost/img/products/productImage99.jpg;Сбор и анализ данных в Python;Python;237;291.51;10000;0;
100;https://localhost/img/products/productImage100.jpg;Applied Social Network Analysis in Python;Python;419;515.37;10000;0;
101;https://localhost/img/products/productImage101.jpg;Программирование для всех (начало работы с Python);Python;48;59.04;10000;0;
102;https://localhost/img/products/productImage102.jpg;Uso de bases de datos con Python;Python;95;116.85;10000;0;
103;https://localhost/img/products/productImage103.jpg;Programación para todos (Introducción a Python);Python;374;460.02;10000;0;
104;https://localhost/img/products/productImage104.jpg;Python: Istruzioni per l’uso;Python;316;388.68;10000;0;
105;https://localhost/img/products/productImage105.jpg;Introduction to Python for Cybersecurity;Python;293;360.39;10000;0;
106;https://localhost/img/products/productImage106.jpg;Machine Learning for Accounting with Python;Python;231;284.13;10000;0;
107;https://localhost/img/products/productImage107.jpg;Python and Machine-Learning for Asset Management with Alternative Data Sets;Python;187;230.01;10000;0;
108;https://localhost/img/products/productImage108.jpg;Python Data Visualization;Python;131;161.13;10000;0;
109;https://localhost/img/products/productImage109.jpg;Análise de dados com Python;Python;155;190.65;10000;0;
110;https://localhost/img/products/productImage110.jpg;Aprendizado de máquina com Python;Python;325;399.75;10000;0;
111;https://localhost/img/products/productImage111.jpg;DevOps and Build Automation with Python;Python;30;36.9;10000;0;
112;https://localhost/img/products/productImage112.jpg;Practical Python for AI Coding 1;Python;499;613.77;10000;0;
113;https://localhost/img/products/productImage113.jpg;Python para a Ciência de Dados e IA;Python;455;559.65;10000;0;
114;https://localhost/img/products/productImage114.jpg;Visualización de Datos con Python;Python;423;520.29;10000;0;
115;https://localhost/img/products/productImage115.jpg;Aprendizaje Automático con Python;Python;449;552.27;10000;0;
116;https://localhost/img/products/productImage116.jpg;Estadísticas para la Ciencia de Datos con Python;Python;212;260.76;10000;0;
117;https://localhost/img/products/productImage117.jpg;Visualizing & Communicating Results in Python with Jupyter;Python;70;86.1;10000;0;
118;https://localhost/img/products/productImage118.jpg;Programação para todos (Conceitos básicos de Python);Python;32;39.36;10000;0;
119;https://localhost/img/products/productImage119.jpg;Programmation pour tous (mise en route de Python);Python;103;126.69;10000;0;
120;https://localhost/img/products/productImage120.jpg;Python for Active Defense;Python;185;227.55;10000;0;
121;https://localhost/img/products/productImage121.jpg;Python for Command-and-control, Exfiltration and Impact;Python;267;328.41;10000;0;
122;https://localhost/img/products/productImage122.jpg;Uso de bancos de dados com Python;Python;31;38.13;10000;0;
123;https://localhost/img/products/productImage123.jpg;Advanced Python - Reconnaissance;Python;44;54.120000000000005;10000;0;
124;https://localhost/img/products/productImage124.jpg;Uso de Python para Acceder a Datos Web;Python;45;55.35;10000;0;
125;https://localhost/img/products/productImage125.jpg;Python per la Data Science;Python;378;464.94;10000;0;
126;https://localhost/img/products/productImage126.jpg;Estructuras de datos de Python;Python;62;76.26;10000;0;
127;https://localhost/img/products/productImage127.jpg;Использование языка Python для доступа к веб-данным;Python;193;237.39;10000;0;
128;https://localhost/img/products/productImage128.jpg;Estruturas de dados Python;Python;478;587.94;10000;0;
129;https://localhost/img/products/productImage129.jpg;Python استخدام قواعد البيانات مع;Python;286;351.78;10000;0;
130;https://localhost/img/products/productImage130.jpg;Neural Networks and Deep Learning;Python;298;366.54;10000;0;
131;https://localhost/img/products/productImage131.jpg;Biology Meets Programming: Bioinformatics for Beginners;Python;80;98.4;10000;0;
132;https://localhost/img/products/productImage132.jpg;Exploratory Data Analysis for Machine Learning;Python;361;444.03;10000;0;
133;https://localhost/img/products/productImage133.jpg;Penetration Testing, Incident Response and Forensics;Python;172;211.56;10000;0;
134;https://localhost/img/products/productImage134.jpg;Algorithms for Searching, Sorting, and Indexing;Python;341;419.43;10000;0;
135;https://localhost/img/products/productImage135.jpg;Deep Neural Networks with PyTorch;Python;345;424.35;10000;0;
136;https://localhost/img/products/productImage136.jpg;State Estimation and Localization for Self-Driving Cars;Python;157;193.11;10000;0;
137;https://localhost/img/products/productImage137.jpg;Introduction to MongoDB;Python;499;613.77;10000;0;
138;https://localhost/img/products/productImage138.jpg;Machine Learning Foundations: A Case Study Approach;Python;64;78.72;10000;0;
139;https://localhost/img/products/productImage139.jpg;Simulation and modeling of natural processes;Python;396;487.08;10000;0;
140;https://localhost/img/products/productImage140.jpg;Modern Robotics, Course 1:  Foundations of Robot Motion;Python;317;389.90999999999997;10000;0;
141;https://localhost/img/products/productImage141.jpg;Introduction to Deep Learning;Python;305;375.15;10000;0;
142;https://localhost/img/products/productImage142.jpg;Seismic tomography: look inside the Earth;Python;325;399.75;10000;0;
143;https://localhost/img/products/productImage143.jpg;Developing AI Applications on Azure;Python;147;180.81;10000;0;
144;https://localhost/img/products/productImage144.jpg;Prediction Models with Sports Data;Python;60;73.8;10000;0;
145;https://localhost/img/products/productImage145.jpg;ML Pipelines on Google Cloud;Python;131;161.13;10000;0;
146;https://localhost/img/products/productImage146.jpg;Fundamentals of Machine Learning for Supply Chain;Python;458;563.34;10000;0;
147;https://localhost/img/products/productImage147.jpg;Object-Oriented Programming Concepts;Python;395;485.85;10000;0;
148;https://localhost/img/products/productImage148.jpg;Delivery Problem;Python;197;242.31;10000;0;
149;https://localhost/img/products/productImage149.jpg;Deploying Machine Learning Models;Python;24;29.52;10000;0;
150;https://localhost/img/products/productImage150.jpg;Computer Science: Programming with a Purpose;Python;85;104.55;10000;0;
151;https://localhost/img/products/productImage151.jpg;Deep Learning Applications for Computer Vision;Python;330;405.9;10000;0;
152;https://localhost/img/products/productImage152.jpg;Advanced Machine Learning: Machine Learning Infrastructure;Python;68;83.64;10000;0;
153;https://localhost/img/products/productImage153.jpg;Data Processing with Azure;Python;297;365.31;10000;0;
154;https://localhost/img/products/productImage154.jpg;Dashboarding and Deployment;Python;101;124.23;10000;0;
155;https://localhost/img/products/productImage155.jpg;Machine Learning;Python;488;600.24;10000;0;
156;https://localhost/img/products/productImage156.jpg;HTML, CSS, and Javascript for Web Developers;Python;304;373.92;10000;0;
157;https://localhost/img/products/productImage157.jpg;Introduction to Machine Learning;Python;237;291.51;10000;0;
158;https://localhost/img/products/productImage158.jpg;Introduction to Web Development;Python;21;25.83;10000;0;
159;https://localhost/img/products/productImage159.jpg;Machine Learning for All;Python;491;603.9300000000001;10000;0;
160;https://localhost/img/products/productImage160.jpg;Analyze Datasets and Train ML Models using AutoML;Python;305;375.15;10000;0;
161;https://localhost/img/products/productImage161.jpg;Introduction to Computer Vision and Image Processing;Python;471;579.33;10000;0;
162;https://localhost/img/products/productImage162.jpg;Applied Data Science Capstone;Python;363;446.49;10000;0;
163;https://localhost/img/products/productImage163.jpg;English for Common Interactions in the Workplace: Basic Level;Python;39;47.97;10000;0;
164;https://localhost/img/products/productImage164.jpg;Competitive Programmer's Core Skills;Python;375;461.25;10000;0;
165;https://localhost/img/products/productImage165.jpg;Cloud Computing Foundations;Python;368;452.64;10000;0;
166;https://localhost/img/products/productImage166.jpg;Building Web Applications in Django;Python;218;268.14;10000;0;
167;https://localhost/img/products/productImage167.jpg;Computer Vision with Embedded Machine Learning;Python;475;584.25;10000;0;
168;https://localhost/img/products/productImage168.jpg;Introduction to Accounting Data Analytics and Visualization;Python;235;289.05;10000;0;
169;https://localhost/img/products/productImage169.jpg;Visual Perception for Self-Driving Cars;Python;462;568.26;10000;0;
170;https://localhost/img/products/productImage170.jpg;Build Your First Android App (Project-Centered Course);Python;259;318.57;10000;0;
171;https://localhost/img/products/productImage171.jpg;Data Structures;Python;341;419.43;10000;0;
172;https://localhost/img/products/productImage172.jpg;Guided Tour of Machine Learning in Finance;Python;129;158.67000000000002;10000;0;
173;https://localhost/img/products/productImage173.jpg;Supervised Machine Learning: Classification;Python;367;451.40999999999997;10000;0;
174;https://localhost/img/products/productImage174.jpg;Using Machine Learning in Trading and Finance;Python;169;207.87;10000;0;
175;https://localhost/img/products/productImage175.jpg;Advanced Machine Learning and Signal Processing;Python;24;29.52;10000;0;
176;https://localhost/img/products/productImage176.jpg;Big Data Analysis with Scala and Spark;Python;133;163.59;10000;0;
177;https://localhost/img/products/productImage177.jpg;Базы данных и SQL в обработке и анализе данных;Python;387;476.01;10000;0;
178;https://localhost/img/products/productImage178.jpg;Specialized Models: Time Series and Survival Analysis;Python;26;31.98;10000;0;
179;https://localhost/img/products/productImage179.jpg;Scalable Machine Learning on Big Data using Apache Spark;Python;36;44.28;10000;0;
180;https://localhost/img/products/productImage180.jpg;How to Win a Data Science Competition: Learn from Top Kagglers;Python;73;89.78999999999999;10000;0;
181;https://localhost/img/products/productImage181.jpg;Unsupervised Machine Learning;Python;332;408.36;10000;0;
182;https://localhost/img/products/productImage182.jpg;Fundamentals of Machine Learning in Finance;Python;365;448.95;10000;0;
183;https://localhost/img/products/productImage183.jpg;Machine Learning: Clustering & Retrieval;Python;393;483.39;10000;0;
184;https://localhost/img/products/productImage184.jpg;Modern Robotics, Course 2:  Robot Kinematics;Python;156;191.88;10000;0;
185;https://localhost/img/products/productImage185.jpg;Sequence Models for Time Series and Natural Language Processing;Python;345;424.35;10000;0;
186;https://localhost/img/products/productImage186.jpg;Modern Robotics, Course 4:  Robot Motion Planning and Control;Python;240;295.2;10000;0;
187;https://localhost/img/products/productImage187.jpg;Modern Robotics, Course 3:  Robot Dynamics;Python;11;13.530000000000001;10000;0;
188;https://localhost/img/products/productImage188.jpg;Data for Machine Learning;Python;458;563.34;10000;0;
189;https://localhost/img/products/productImage189.jpg;Modern Robotics, Course 5:  Robot Manipulation and Wheeled Mobile Robots;Python;219;269.37;10000;0;
190;https://localhost/img/products/productImage190.jpg;AI Workflow: Machine Learning, Visual Recognition and NLP;Python;312;383.76;10000;0;
191;https://localhost/img/products/productImage191.jpg;Probability Theory, Statistics and Exploratory Data Analysis;Python;185;227.55;10000;0;
192;https://localhost/img/products/productImage192.jpg;Algorithmic Thinking (Part 1);Python;430;528.9;10000;0;
193;https://localhost/img/products/productImage193.jpg;The Fundamental of Data-Driven Investment;Python;476;585.48;10000;0;
194;https://localhost/img/products/productImage194.jpg;Tools for Data Science;Python;223;274.29;10000;0;
195;https://localhost/img/products/productImage195.jpg;Improving Deep Neural Networks: Hyperparameter Tuning, Regularization and Optimization;Python;446;548.58;10000;0;
196;https://localhost/img/products/productImage196.jpg;Introduction to TensorFlow for Artificial Intelligence, Machine Learning, and Deep Learning;Python;316;388.68;10000;0;
197;https://localhost/img/products/productImage197.jpg;Natural Language Processing with Classification and Vector Spaces;Python;342;420.65999999999997;10000;0;
198;https://localhost/img/products/productImage198.jpg;Convolutional Neural Networks;Python;37;45.51;10000;0;
199;https://localhost/img/products/productImage199.jpg;Convolutional Neural Networks in TensorFlow;Python;338;415.74;10000;0;
200;https://localhost/img/products/productImage200.jpg;Site Reliability Engineering: Measuring and Managing Reliability;Python;322;396.06;10000;0;
201;https://localhost/img/products/productImage201.jpg;Build Basic Generative Adversarial Networks (GANs);Python;199;244.77;10000;0;
202;https://localhost/img/products/productImage202.jpg;Natural Language Processing in TensorFlow;Python;496;610.08;10000;0;
203;https://localhost/img/products/productImage203.jpg;Sequences, Time Series and Prediction;Python;294;361.62;10000;0;
204;https://localhost/img/products/productImage204.jpg;Natural Language Processing with Probabilistic Models;Python;444;546.12;10000;0;
205;https://localhost/img/products/productImage205.jpg;Mathematics for Machine Learning: Linear Algebra;Python;387;476.01;10000;0;
206;https://localhost/img/products/productImage206.jpg;Natural Language Processing with Sequence Models;Python;14;17.22;10000;0;
207;https://localhost/img/products/productImage207.jpg;Computational Neuroscience;Python;114;140.22;10000;0;
208;https://localhost/img/products/productImage208.jpg;Custom Models, Layers, and Loss Functions with TensorFlow;Python;61;75.03;10000;0;
209;https://localhost/img/products/productImage209.jpg;Mathematical Thinking in Computer Science;Python;273;335.79;10000;0;
210;https://localhost/img/products/productImage210.jpg;Advanced Computer Vision with TensorFlow;Python;454;558.42;10000;0;
211;https://localhost/img/products/productImage211.jpg;Algorithmic Toolbox;Python;15;18.45;10000;0;
212;https://localhost/img/products/productImage212.jpg;Custom and Distributed Training with TensorFlow;Python;61;75.03;10000;0;
213;https://localhost/img/products/productImage213.jpg;Introduction to Deep Learning & Neural Networks with Keras;Python;233;286.59000000000003;10000;0;
214;https://localhost/img/products/productImage214.jpg;Introduction to Big Data with Spark and Hadoop;Python;207;254.61;10000;0;
215;https://localhost/img/products/productImage215.jpg;Foundations of Sports Analytics: Data, Representation, and Models in Sports;Python;31;38.13;10000;0;
216;https://localhost/img/products/productImage216.jpg;ETL and Data Pipelines with Shell, Airflow and Kafka;Python;67;82.41;10000;0;
217;https://localhost/img/products/productImage217.jpg;Data Science in Stratified Healthcare and Precision Medicine;Python;85;104.55;10000;0;
218;https://localhost/img/products/productImage218.jpg;IBM Data Analyst Capstone Project;Python;117;143.91;10000;0;
219;https://localhost/img/products/productImage219.jpg;Mental Health and Resilience for Healthcare Workers;Python;430;528.9;10000;0;
220;https://localhost/img/products/productImage220.jpg;Optimize ML Models and Deploy Human-in-the-Loop Pipelines;Python;316;388.68;10000;0;
221;https://localhost/img/products/productImage221.jpg;Data Engineering and Machine Learning using Spark;Python;394;484.62;10000;0;
222;https://localhost/img/products/productImage222.jpg;Обучение на размеченных данных;Python;184;226.32;10000;0;
223;https://localhost/img/products/productImage223.jpg;Intermediate PostgreSQL;Python;473;581.79;10000;0;
224;https://localhost/img/products/productImage224.jpg;Introduction to TensorFlow;Python;148;182.04;10000;0;
225;https://localhost/img/products/productImage225.jpg;End-to-End Machine Learning with TensorFlow on GCP;Python;288;354.24;10000;0;
226;https://localhost/img/products/productImage226.jpg;Kinematics: Describing the Motions of Spacecraft;Python;299;367.77;10000;0;
227;https://localhost/img/products/productImage227.jpg;Getting Started with Data Analytics on AWS;Python;297;365.31;10000;0;
228;https://localhost/img/products/productImage228.jpg;Generative Deep Learning with TensorFlow;Python;284;349.32;10000;0;
229;https://localhost/img/products/productImage229.jpg;Building Deep Learning Models with TensorFlow;Python;482;592.86;10000;0;
230;https://localhost/img/products/productImage230.jpg;Data Analytics Foundations for Accountancy I;Python;283;348.09000000000003;10000;0;
231;https://localhost/img/products/productImage231.jpg;Algorithms for DNA Sequencing;Python;497;611.31;10000;0;
232;https://localhost/img/products/productImage232.jpg;Getting started with TensorFlow 2;Python;71;87.33;10000;0;
233;https://localhost/img/products/productImage233.jpg;Nanotechnology and Nanosensors, Part1;Python;191;234.93;10000;0;
234;https://localhost/img/products/productImage234.jpg;The R Programming Environment;Python;488;600.24;10000;0;
235;https://localhost/img/products/productImage235.jpg;Django Features and Libraries;Python;51;62.730000000000004;10000;0;
236;https://localhost/img/products/productImage236.jpg;Initiation à la programmation (en C++);Python;247;303.81;10000;0;
237;https://localhost/img/products/productImage237.jpg;More on Change and Sustainability;Python;441;542.4300000000001;10000;0;
238;https://localhost/img/products/productImage238.jpg;Дискретная математика: подсчеты, графы, случайные блуждания;Python;436;536.28;10000;0;
239;https://localhost/img/products/productImage239.jpg;Feature Engineering;Python;229;281.67;10000;0;
240;https://localhost/img/products/productImage240.jpg;AI Capstone Project with Deep Learning;Python;499;613.77;10000;0;
241;https://localhost/img/products/productImage241.jpg;Bancos de dados e SQL para Ciência de Dados;Python;318;391.14;10000;0;
242;https://localhost/img/products/productImage242.jpg;Getting Started with Data Warehousing and BI Analytics;Python;285;350.55;10000;0;
243;https://localhost/img/products/productImage243.jpg;Combinatorics and Probability;Python;155;190.65;10000;0;
244;https://localhost/img/products/productImage244.jpg;Deep Learning and Reinforcement Learning;Python;408;501.84000000000003;10000;0;
245;https://localhost/img/products/productImage245.jpg;Discrete Math and Analyzing Social Graphs;Python;344;423.12;10000;0;
246;https://localhost/img/products/productImage246.jpg;Building AI Applications with Watson APIs;Python;361;444.03;10000;0;
247;https://localhost/img/products/productImage247.jpg;Using JavaScript, JQuery, and JSON in Django;Python;109;134.07;10000;0;
248;https://localhost/img/products/productImage248.jpg;Big Data Integration and Processing;Python;78;95.94;10000;0;
249;https://localhost/img/products/productImage249.jpg;Applied AI with DeepLearning;Python;20;24.6;10000;0;
250;https://localhost/img/products/productImage250.jpg;Browser-based Models with TensorFlow.js;Python;224;275.52;10000;0;
251;https://localhost/img/products/productImage251.jpg;AI Workflow: Business Priorities and Data Ingestion;Python;309;380.07;10000;0;
252;https://localhost/img/products/productImage252.jpg;C++程序设计;Python;481;591.63;10000;0;
253;https://localhost/img/products/productImage253.jpg;Create Machine Learning Models in Microsoft Azure;Python;476;585.48;10000;0;
254;https://localhost/img/products/productImage254.jpg;Perform data science with Azure Databricks;Python;109;134.07;10000;0;
255;https://localhost/img/products/productImage255.jpg;Machine Learning: Regression;Python;44;54.120000000000005;10000;0;
256;https://localhost/img/products/productImage256.jpg;Wearable Technologies and Sports Analytics;Python;357;439.11;10000;0;
257;https://localhost/img/products/productImage257.jpg;Relational Database Administration (DBA);Python;226;277.98;10000;0;
258;https://localhost/img/products/productImage258.jpg;Machine Learning e Data Mining in R;Python;244;300.12;10000;0;
259;https://localhost/img/products/productImage259.jpg;Data Engineering with MS Azure Synapse Apache Spark Pools;Python;35;43.05;10000;0;
260;https://localhost/img/products/productImage260.jpg;Number Theory and Cryptography;Python;446;548.58;10000;0;
261;https://localhost/img/products/productImage261.jpg;Functional Programming Principles in Scala (Scala 2 version);Python;378;464.94;10000;0;
262;https://localhost/img/products/productImage262.jpg;Improve Your Java Code Using Amazon CodeGuru;Python;270;332.1;10000;0;
263;https://localhost/img/products/productImage263.jpg;Learn to Program: Crafting Quality Code;Python;363;446.49;10000;0;
264;https://localhost/img/products/productImage264.jpg;Bases de datos y SQL para ciencia de datos;Python;312;383.76;10000;0;
265;https://localhost/img/products/productImage265.jpg;AI Workflow: Enterprise Model Deployment;Python;120;147.6;10000;0;
266;https://localhost/img/products/productImage266.jpg;Device-based Models with TensorFlow Lite;Python;155;190.65;10000;0;
267;https://localhost/img/products/productImage267.jpg;Introduction to Text Mining with R;Python;448;551.04;10000;0;
268;https://localhost/img/products/productImage268.jpg;Moneyball and Beyond;Python;207;254.61;10000;0;
269;https://localhost/img/products/productImage269.jpg;Image Understanding with TensorFlow on GCP;Python;305;375.15;10000;0;
270;https://localhost/img/products/productImage270.jpg;Capstone Project: Predicting Safety Stock;Python;159;195.57;10000;0;
271;https://localhost/img/products/productImage271.jpg;Introduction to Machine Learning in Sports Analytics;Python;161;198.03;10000;0;
272;https://localhost/img/products/productImage272.jpg;Обработка больших данных;Python;230;282.9;10000;0;
273;https://localhost/img/products/productImage273.jpg;Data Pipelines with TensorFlow Data Services;Python;56;68.88;10000;0;
274;https://localhost/img/products/productImage274.jpg;Advanced Deployment Scenarios with TensorFlow;Python;225;276.75;10000;0;
275;https://localhost/img/products/productImage275.jpg;Basic Data Processing and Visualization;Python;37;45.51;10000;0;
276;https://localhost/img/products/productImage276.jpg;Data Engineering Capstone Project;Python;328;403.44;10000;0;
277;https://localhost/img/products/productImage277.jpg;Data Management and Visualization;Python;124;152.52;10000;0;
278;https://localhost/img/products/productImage278.jpg;Exploring NCAA Data with BigQuery;Python;75;92.25;10000;0;
279;https://localhost/img/products/productImage279.jpg;Intro to TensorFlow en Español;Python;278;341.94;10000;0;
280;https://localhost/img/products/productImage280.jpg;Web and Mobile Testing with Selenium;Python;22;27.060000000000002;10000;0;
281;https://localhost/img/products/productImage281.jpg;Java Basics: Selection and Iteration;Python;59;72.57;10000;0;
282;https://localhost/img/products/productImage282.jpg;Interfacing with the Raspberry Pi;Python;89;109.47;10000;0;
283;https://localhost/img/products/productImage283.jpg;Laboratório de Programação Orientada a Objetos - Parte 1;Python;441;542.4300000000001;10000;0;
284;https://localhost/img/products/productImage284.jpg;البرمجة للجميع - بدء استخدام بايثون;Python;452;555.96;10000;0;
285;https://localhost/img/products/productImage285.jpg;Fatigue Failure in Different Fields of Engineering;Python;107;131.61;10000;0;
286;https://localhost/img/products/productImage286.jpg;Data Mining Project;Python;436;536.28;10000;0;
287;https://localhost/img/products/productImage287.jpg;Object-Oriented Java: Inheritance and Encapsulation;Python;238;292.74;10000;0;
288;https://localhost/img/products/productImage288.jpg;Credential Access, discovery, lateral movement & collection;Python;225;276.75;10000;0;
289;https://localhost/img/products/productImage289.jpg;Natural Language Processing and Capstone Assignment;Python;60;73.8;10000;0;
290;https://localhost/img/products/productImage290.jpg;Capstone Project: Advanced AI for Drug Discovery;Python;474;583.02;10000;0;
291;https://localhost/img/products/productImage291.jpg;تحليل البيانات باستخدام بايثون;Python;480;590.4;10000;0;
292;https://localhost/img/products/productImage292.jpg;2.- El Cálculo - Modelo Cuadrático;Python;433;532.59;10000;0;
293;https://localhost/img/products/productImage293.jpg;Neuronale Netze und Deep Learning;Python;302;371.46000000000004;10000;0;
294;https://localhost/img/products/productImage294.jpg;Intro to TensorFlow 日本語版;Python;498;612.54;10000;0;
295;https://localhost/img/products/productImage295.jpg;Data Structures and Algorithms (III);Python;118;145.14;10000;0;
296;https://localhost/img/products/productImage296.jpg;Marketing Channel Governance;Python;50;61.5;10000;0;
297;https://localhost/img/products/productImage297.jpg;Data Literacy Capstone – Evaluating Research;Python;137;168.51;10000;0;
298;https://localhost/img/products/productImage298.jpg;كابستون علوم البيانات التطبيقية;Python;100;123.0;10000;0;
299;https://localhost/img/products/productImage299.jpg;Data Structures and Algorithms (IV);Python;489;601.47;10000;0;
300;https://localhost/img/products/productImage300.jpg;Trabalho de conclusão de Ciência de Dados Aplicada;Python;446;548.58;10000;0;
301;https://localhost/img/products/productImage301.jpg;Заключительный курс по теме «Прикладная наука о данных»;Python;78;95.94;10000;0;
302;https://localhost/img/products/productImage302.jpg;Arquitecturas de Big Data;Python;92;113.16;10000;0;
303;https://localhost/img/products/productImage303.jpg;Statistics for Marketing;Python;20;24.6;10000;0;
304;https://localhost/img/products/productImage304.jpg;Введение в машинное обучение;Python;193;237.39;10000;0;
305;https://localhost/img/products/productImage305.jpg;بايثون لعلوم البيانات والذكاء الصناعي;Python;333;409.59000000000003;10000;0;
306;https://localhost/img/products/productImage306.jpg;AI for Medical Diagnosis;Python;452;555.96;10000;0;
307;https://localhost/img/products/productImage307.jpg;Natural Language Processing with Attention Models;Python;217;266.91;10000;0;
308;https://localhost/img/products/productImage308.jpg;Introduction to Self-Driving Cars;Python;125;153.75;10000;0;
309;https://localhost/img/products/productImage309.jpg;Разработка веб-сервисов на Go - основы языка;Python;417;512.91;10000;0;
310;https://localhost/img/products/productImage310.jpg;Web Application Technologies and Django;Python;194;238.62;10000;0;
311;https://localhost/img/products/productImage311.jpg;Data-driven Astronomy;Python;84;103.32;10000;0;
312;https://localhost/img/products/productImage312.jpg;Build, Train, and Deploy ML Pipelines using BERT;Python;326;400.98;10000;0;
313;https://localhost/img/products/productImage313.jpg;Functional Programming Principles in Scala;Python;281;345.63;10000;0;
314;https://localhost/img/products/productImage314.jpg;Prediction and Control with Function Approximation;Python;377;463.71000000000004;10000;0;
315;https://localhost/img/products/productImage315.jpg;Разработка веб-сервисов на Golang, часть 2;Python;237;291.51;10000;0;
316;https://localhost/img/products/productImage316.jpg;Troubleshooting and Debugging Techniques;Python;246;302.58;10000;0;
317;https://localhost/img/products/productImage317.jpg;Getting Started with Go;Python;248;305.04;10000;0;
318;https://localhost/img/products/productImage318.jpg;Introduction to Trading, Machine Learning & GCP;Python;431;530.13;10000;0;
319;https://localhost/img/products/productImage319.jpg;Supervised Machine Learning: Regression;Python;130;159.9;10000;0;
320;https://localhost/img/products/productImage320.jpg;Машинное обучение в финансах;Python;30;36.9;10000;0;
321;https://localhost/img/products/productImage321.jpg;Fundamentals of Scalable Data Science;Python;396;487.08;10000;0;
322;https://localhost/img/products/productImage322.jpg;Building Modern Node.js Applications on AWS;Python;147;180.81;10000;0;
323;https://localhost/img/products/productImage323.jpg;Digital Signal Processing 1: Basic Concepts and Algorithms;Python;265;325.95;10000;0;
324;https://localhost/img/products/productImage324.jpg;VLSI CAD Part I: Logic;Python;77;94.71000000000001;10000;0;
325;https://localhost/img/products/productImage325.jpg;Introduction to Java and Object-Oriented Programming;Python;310;381.3;10000;0;
326;https://localhost/img/products/productImage326.jpg;Building Modern Java Applications on AWS;Python;456;560.88;10000;0;
327;https://localhost/img/products/productImage327.jpg;Motion Planning for Self-Driving Cars;Python;188;231.24;10000;0;
328;https://localhost/img/products/productImage328.jpg;Cloud Virtualization, Containers and APIs;Python;284;349.32;10000;0;
329;https://localhost/img/products/productImage329.jpg;Visualization for Data Journalism;Python;339;416.97;10000;0;
330;https://localhost/img/products/productImage330.jpg;Google Cloud Big Data and Machine Learning Fundamentals 日本語版;Python;303;372.69;10000;0;
331;https://localhost/img/products/productImage331.jpg;Functional Program Design in Scala;Python;435;535.05;10000;0;
332;https://localhost/img/products/productImage332.jpg;Computational Methods in Pricing and Model Calibration;Python;494;607.62;10000;0;
333;https://localhost/img/products/productImage333.jpg;Mathematics for Machine Learning: PCA;Python;84;103.32;10000;0;
334;https://localhost/img/products/productImage334.jpg;Математическая статистика и А/В тестирование;Python;19;23.37;10000;0;
335;https://localhost/img/products/productImage335.jpg;1C:Enterprise Junior Developer Course;Python;210;258.3;10000;0;
336;https://localhost/img/products/productImage336.jpg;Developing Applications with SQL, Databases, and Django;Python;30;36.9;10000;0;
337;https://localhost/img/products/productImage337.jpg;Contact Center AI: Conversational Design Fundamentals;Python;287;353.01;10000;0;
338;https://localhost/img/products/productImage338.jpg;Cloud Data Engineering;Python;310;381.3;10000;0;
339;https://localhost/img/products/productImage339.jpg;Customising your models with TensorFlow 2;Python;262;322.26;10000;0;
340;https://localhost/img/products/productImage340.jpg;VLSI CAD Part II: Layout;Python;361;444.03;10000;0;
341;https://localhost/img/products/productImage341.jpg;Digital Signal Processing 2: Filtering;Python;420;516.6;10000;0;
342;https://localhost/img/products/productImage342.jpg;Поиск структуры в данных;Python;368;452.64;10000;0;
343;https://localhost/img/products/productImage343.jpg;Reinforcement Learning for Trading Strategies;Python;236;290.28;10000;0;
344;https://localhost/img/products/productImage344.jpg;Building Modern .NET Applications on AWS;Python;53;65.19;10000;0;
345;https://localhost/img/products/productImage345.jpg;Основы машинного обучения;Python;277;340.71;10000;0;
346;https://localhost/img/products/productImage346.jpg;Machine Learning: Classification;Python;271;333.33;10000;0;
347;https://localhost/img/products/productImage347.jpg;Построение выводов по данным;Python;222;273.06;10000;0;
348;https://localhost/img/products/productImage348.jpg;Прикладные задачи анализа данных;Python;61;75.03;10000;0;
349;https://localhost/img/products/productImage349.jpg;Herramientas para la ciencia de datos;Python;390;479.7;10000;0;
350;https://localhost/img/products/productImage350.jpg;Линейная алгебра: от идеи к формуле;Python;415;510.45;10000;0;
351;https://localhost/img/products/productImage351.jpg;Digital Signal Processing 3: Analog vs Digital;Python;45;55.35;10000;0;
352;https://localhost/img/products/productImage352.jpg;Functional Program Design in Scala (Scala 2 version);Python;165;202.95;10000;0;
353;https://localhost/img/products/productImage353.jpg;Introduction to advanced tomography;Python;181;222.63;10000;0;
354;https://localhost/img/products/productImage354.jpg;Cloud Machine Learning Engineering and MLOps;Python;287;353.01;10000;0;
355;https://localhost/img/products/productImage355.jpg;Introduction to Graph Theory;Python;338;415.74;10000;0;
356;https://localhost/img/products/productImage356.jpg;Introducción al procesamiento de lenguaje natural;Python;467;574.41;10000;0;
357;https://localhost/img/products/productImage357.jpg;Full Stack Cloud Development Capstone Project;Python;142;174.66;10000;0;
358;https://localhost/img/products/productImage358.jpg;Build and Operate Machine Learning Solutions with Azure;Python;177;217.71;10000;0;
359;https://localhost/img/products/productImage359.jpg;Digital Signal Processing 4: Applications;Python;416;511.68;10000;0;
360;https://localhost/img/products/productImage360.jpg;Virtual Agent Development in Dialogflow CX for Software Devs;Python;173;212.79;10000;0;
361;https://localhost/img/products/productImage361.jpg;Contact Center AI: Operations and Implementation;Python;343;421.89;10000;0;
362;https://localhost/img/products/productImage362.jpg;Introduction to Data Analytics;Python;417;512.91;10000;0;
363;https://localhost/img/products/productImage363.jpg;Data Analysis and Visualization;Python;425;522.75;10000;0;
364;https://localhost/img/products/productImage364.jpg;Microsoft Azure Machine Learning for Data Scientists;Python;185;227.55;10000;0;
365;https://localhost/img/products/productImage365.jpg;Parallel programming;Python;381;468.63;10000;0;
366;https://localhost/img/products/productImage366.jpg;Demand Forecasting Using Time Series;Python;310;381.3;10000;0;
367;https://localhost/img/products/productImage367.jpg;Application Programming Fundamentals;Python;36;44.28;10000;0;
368;https://localhost/img/products/productImage368.jpg;Подготовка и анализ данных в Tableau;Python;427;525.21;10000;0;
369;https://localhost/img/products/productImage369.jpg;AI Workflow: AI in Production;Python;90;110.7;10000;0;
370;https://localhost/img/products/productImage370.jpg;AI Workflow: Data Analysis and Hypothesis Testing;Python;60;73.8;10000;0;
371;https://localhost/img/products/productImage371.jpg;M2M & IoT Interface Design & Protocols for Embedded Systems;Python;392;482.16;10000;0;
372;https://localhost/img/products/productImage372.jpg;Desarrollo de Videojuegos en Unity: Una Introducción;Python;94;115.62;10000;0;
373;https://localhost/img/products/productImage373.jpg;Google Cloud Big Data and Machine Learning Fundamentals en Español;Python;471;579.33;10000;0;
374;https://localhost/img/products/productImage374.jpg;Machine Learning Algorithms: Supervised Learning Tip to Tail;Python;253;311.19;10000;0;
375;https://localhost/img/products/productImage375.jpg;Optimizing Machine Learning Performance;Python;67;82.41;10000;0;
376;https://localhost/img/products/productImage376.jpg;Анализ данных: финальный проект;Python;109;134.07;10000;0;
377;https://localhost/img/products/productImage377.jpg;AI Workflow: Feature Engineering and Bias Detection;Python;347;426.81;10000;0;
378;https://localhost/img/products/productImage378.jpg;Securing and Integrating Components of your Application;Python;350;430.5;10000;0;
379;https://localhost/img/products/productImage379.jpg;App Deployment, Debugging, and Performance;Python;223;274.29;10000;0;
380;https://localhost/img/products/productImage380.jpg;Virtual Agent Development in Dialogflow ES for Software Devs;Python;415;510.45;10000;0;
381;https://localhost/img/products/productImage381.jpg;Engineering Practices for Building Quality Software;Python;321;394.83;10000;0;
382;https://localhost/img/products/productImage382.jpg;Design Thinking and Predictive Analytics for Data Products;Python;339;416.97;10000;0;
383;https://localhost/img/products/productImage383.jpg;Virtual Agent Development in Dialogflow CX for Citizen Devs;Python;333;409.59000000000003;10000;0;
384;https://localhost/img/products/productImage384.jpg;Execution, persistence, privilege escalation and evasion;Python;284;349.32;10000;0;
385;https://localhost/img/products/productImage385.jpg;Prepare for DP-100: Data Science on Microsoft Azure Exam;Python;134;164.82;10000;0;
386;https://localhost/img/products/productImage386.jpg;Machine Learning Models in Science;Python;500;615.0;10000;0;
387;https://localhost/img/products/productImage387.jpg;Google Cloud Big Data and Machine Learning Fundamentals en Français;Python;97;119.31;10000;0;
388;https://localhost/img/products/productImage388.jpg;Resolución de problemas por búsqueda;Python;212;260.76;10000;0;
389;https://localhost/img/products/productImage389.jpg;Principles of Computing (Part 1);Python;471;579.33;10000;0;
390;https://localhost/img/products/productImage390.jpg;Ciencia de Datos Aplicada - Curso Capstone;Python;328;403.44;10000;0;
391;https://localhost/img/products/productImage391.jpg;Introduction to Bayesian Statistics;Python;73;89.78999999999999;10000;0;
392;https://localhost/img/products/productImage392.jpg;Bayesian Inference with MCMC;Python;451;554.73;10000;0;
393;https://localhost/img/products/productImage393.jpg;Data Analysis Tools;Python;321;394.83;10000;0;
394;https://localhost/img/products/productImage394.jpg;Regression Modeling in Practice;Python;156;191.88;10000;0;
395;https://localhost/img/products/productImage395.jpg;Introduction to PyMC3 for Bayesian Modeling and Inference;Python;222;273.06;10000;0;
396;https://localhost/img/products/productImage396.jpg;Audio Signal Processing for Music Applications;Python;358;440.34000000000003;10000;0;
397;https://localhost/img/products/productImage397.jpg;Algorithmic Thinking (Part 2);Python;291;357.93;10000;0;
398;https://localhost/img/products/productImage398.jpg;Principles of Computing (Part 2);Python;153;188.19;10000;0;
399;https://localhost/img/products/productImage399.jpg;Matrix Methods;Python;465;571.95;10000;0;
400;https://localhost/img/products/productImage400.jpg;Test-Driven Development Overview;Python;194;238.62;10000;0;
401;https://localhost/img/products/productImage401.jpg;Securing and Integrating Components of your Application 日本語版;Python;265;325.95;10000;0;
402;https://localhost/img/products/productImage402.jpg;Google Cloud Platform Big Data and Machine Learning Fundamentals em Português Brasileiro;Python;113;138.99;10000;0;
403;https://localhost/img/products/productImage403.jpg;Application Deployment, Debug, Performance 日本語版;Python;77;94.71000000000001;10000;0;
404;https://localhost/img/products/productImage404.jpg;A Practical Introduction to Test-Driven Development;Python;225;276.75;10000;0;
405;https://localhost/img/products/productImage405.jpg;Razonamiento artificial;Python;474;583.02;10000;0;
406;https://localhost/img/products/productImage406.jpg;Advanced Django: Building a Blog;Python;163;200.49;10000;0;
407;https://localhost/img/products/productImage407.jpg;Modern Robotics, Course 6:  Capstone Project, Mobile Manipulation;Python;393;483.39;10000;0;
408;https://localhost/img/products/productImage408.jpg;Robotics: Capstone;Python;266;327.18;10000;0;
409;https://localhost/img/products/productImage409.jpg;Integrating Test-Driven Development into Your Workflow;Python;424;521.52;10000;0;
410;https://localhost/img/products/productImage410.jpg;Parallel programming (Scala 2 version);Python;55;67.65;10000;0;
411;https://localhost/img/products/productImage411.jpg;Virtual Agent Development in Dialogflow ES for Citizen Devs;Python;433;532.59;10000;0;
412;https://localhost/img/products/productImage412.jpg;Creatividad computacional;Python;79;97.17;10000;0;
413;https://localhost/img/products/productImage413.jpg;Limpieza de datos para el procesamiento de lenguaje natural;Python;421;517.83;10000;0;
414;https://localhost/img/products/productImage414.jpg;Machine Learning Rapid Prototyping with IBM Watson Studio;Python;244;300.12;10000;0;
415;https://localhost/img/products/productImage415.jpg;Advanced Django: Introduction to Django Rest Framework;Python;37;45.51;10000;0;
416;https://localhost/img/products/productImage416.jpg;Serverless Data Analysis with Google BigQuery and Cloud Dataflow em Português Brasileiro;Python;24;29.52;10000;0;
417;https://localhost/img/products/productImage417.jpg;Introducción a la ciencia de datos aplicada;Python;34;41.82;10000;0;
418;https://localhost/img/products/productImage418.jpg;Advanced Django: Advanced Django Rest Framework;Python;126;154.98;10000;0;
419;https://localhost/img/products/productImage419.jpg;Big Data Analysis Deep Dive;Python;226;277.98;10000;0;
420;https://localhost/img/products/productImage420.jpg;Serverless Machine Learning with Tensorflow on Google Cloud em Português Brasileiro;Python;441;542.4300000000001;10000;0;
421;https://localhost/img/products/productImage421.jpg;Establishing Command-and-Control and Finding Credentials;Python;246;302.58;10000;0;
422;https://localhost/img/products/productImage422.jpg;Serverless Machine Learning with Tensorflow on Google Cloud auf Deutsch;Python;348;428.04;10000;0;
423;https://localhost/img/products/productImage423.jpg;Leveraging Unstructured Data with Cloud Dataproc on Google Cloud em Português Brasileiro;Python;400;492.0;10000;0;
424;https://localhost/img/products/productImage424.jpg;Modelaje y Análisis con información georreferenciada;Python;15;18.45;10000;0;
425;https://localhost/img/products/productImage425.jpg;Datos no tradicionales en repositorios NoSQL;Python;473;581.79;10000;0;
426;https://localhost/img/products/productImage426.jpg;التعلّم الآلي باستخدام لغة بايثون;Python;316;388.68;10000;0;
427;https://localhost/img/products/productImage427.jpg;مؤثرات عرض البيانات باستخدام لغة بايثون;Python;130;159.9;10000;0;
